page_count,lazy_map_cap_size,time
32768,1,18352.044375
32768,2,6728.317875
32768,4,3251.519625
32768,8,2012.703875
32768,16,1347.041750
32768,32,1103.068875
32768,64,1064.927500
32768,128,929.538375
32768,256,904.372375
32768,512,893.432500
32768,1024,892.353625