name,packet_size,packets_send,packet_received,time
TCP Recv,1400,100000,100000,57.19875884056091
TCP Send,1400,100,100,11.99962043762207
TCP Send High Speed,1400,100000,100000,64.30506086349487