name,packet_size,packets_send,packet_received,time
UDP Recv,1400,100000,73446,11.858545303344727
UDP Send,1400,100,100,11.999615907669067
UDP Send High Speed,1400,100000,100000,38.853188276290894